INSERT INTO Author VALUES (101,'Ewing','Bobby'),(102,'Skelton','Red'),(201,'Magnum','Thomas'),(202,'Barnes','Julie'),(203,'Ramjet','Roger'),(204,'Hart','Mickey'),(205,'Slick','Grace'),(206,'Mason','Perry'),(207,'Betts','Dickey'),(208,'Kid','Waco'),(209,'Thornhill','Roger'),(210,'Ferguson','Scottie'),(301,'Wright','Barbara'),(302,'Crichton','John'),(303,'Flux','Aeon'),(304,'Crawley','Robert');
INSERT IGNORE INTO Phone VALUES ('9705551000','c'),('9705551010','h'),('9705551100','o'),('3035551200','h'),('3035551200','h'),('3035551210','c'),('9705551400','c'),('9705551600','h'),('9705551600','h'),('9705551800','c'),('9705551900','h'),('9705552000','h'),('9705552010','c'),('9705552001','h'),('9705552020','c'),('9705552300','o'),('9705552400','h'),('9705552401','c'),('9705552403','o'),('9705552400','h'),('9705552402','c'),('9705552403','o');
INSERT INTO Member VALUES (1000,'Coyote','Wiley','1961-9-10'),(1100,'Bunny','Bugs','1990-6-24'),(1200,'Oyl','Olive','1989-7-19'),(1300,'Wonderland','Alice','1989-7-19'),(1400,'Ramjet','Roger','1985-1-13'),(1500,'Lujack','Larry','1940-6-6'),(1600,'Tankengine','Thomas','1991-4-1'),(1700,'Corwin','Amber','1970-12-1'),(1800,'Barimen','Dworkin','1950-12-2'),(1900,'Garion','Bel','1983-01-01'),(2000,'Gara','Pol','1963-01-10'),(2001,'Clark','Art','2001-12-6'),(2002,'Crawley','Edith','1962-09-4'),(2003,'Bates','John','2001-12-12'),(2004,'Barrow','Thomas','2005-05-05'),(2005,'Watson','John','1975-02-22'),(2006,'Moriarty','Jim','1967-03-12'),(2007,'White','Walter','1983-05-14'),(2008,'White','Skyler','1983-04-12'),(2009,'Morgan','Dexter','1994-07-11'),(2010,'Bennett','Rita','2001-11-12'),(2011,'Kwon','Sun','1988-10-19'),(2012,'Locke','John','2000-01-01'),(2013,'Littleton','Clair','2001-02-01'),(2015,'Bennet','Claire','2001-03-11'),(2016,'Suresh','Mohinder','1993-04-15'),(2017,'Sullivan','Chloe','2007-05-16'),(2018,'Kent','Martha','1954-02-13'),(2019,'Matthews','Paige','1977-03-16'),(2020,'Wyatt','Leo','2000-10-01'),(2021,'Summers','Buffy','2000-05-26'),(2022,'Harris','Xander','2001-06-23');
INSERT INTO Publisher VALUES (10000,'Wiley'),(10001,'McGraw-Hill'),(10002,'Coyote Publishing'),(10003,'Amazon'),(10004,'Jerrys Ice Cream'),(10005,'Buy a Boat'),(10006,'Flagstaff Publishing'),(10007,'Ram West');
INSERT INTO Book VALUES ('964210310001','How to Grow Tomatoes',1963,10006),('964210310002','Mr. Smith Goes to Washington',2010,10007),('964210310003','Studying is Your Friend',1955,10000),('964210310004','To Have and To Cherish',2011,10003),('964210310005','Hal Finds a Home',2001,10003),('964210310006','Last Train to Clarksville',1999,10004),('964210310007','How to Digitally Sign',2003,10004),('964210310008','Sam Needs a Friend',2013,10005),('964210310009','Downton Abbey',2005,10002),('964210310011','Database Theory',2010,10001),('964210310022','Challenging Puzzles',1988,10001),('964210310033','American Football',2011,10006),('964210310034','European Football',2015,10003),('964210310040','Where to Start',2012,10003),('964210310054','Lacey Discovers Herself',2013,10002),('964210310068','Mr. Ed',2009,10001),('964210310081','Escape from Gilligans Island',2009,10000),('964210310093','Fixing Computers',2010,10000),('964210310109','Red Burn',2011,10000),('964210310206','Taks McGrill',2000,10003),('964210310300','Eating Healthy',1999,10004),('964210310401','How to Grow Cucumbers',1945,10006),('964210310502','Gardening Tips',1973,10007),('964210310604','Using the Library',1993,10003),('964210310709','Too Many Cooks',1983,10006),('964210310800','Green is Your Friend',2000,10006),('964210310907','Cubs Win!',2005,10002),('964210311003','Missing Tomorrow',2005,10001);
INSERT IGNORE INTO Phone VALUES ('9705555000','o'),('9705555010','o'),('9705555020','o'),('9705555030','o'),('9705555040','o'),('9705555050','o'),('9705555060','o'),('9705555070','c'),('9705555080','o');
INSERT INTO Author_phone VALUES (101,'9705551000'),(101,'9705551010'),(102,'9705551100'),(201,'3035551200'),(202,'3035551200'),(202,'3035551210'),(203,'9705551400'),(205,'9705551600'),(206,'9705551600'),(207,'9705551800'),(208,'9705551900'),(209,'9705552000'),(209,'9705552010'),(210,'9705552001'),(301,'9705552020'),(302,'9705552300'),(303,'9705552400'),(303,'9705552401'),(303,'9705552403'),(304,'9705552400'),(304,'9705552402'),(304,'9705552403');
INSERT INTO Written_by VALUES ('964210310001',  101),('964210310001', 208),('964210310002',  102),('964210310003',  203),('964210310003', 201),('964210310004',  209),('964210310004', 302),('964210310004', 304),('964210310005',  204),('964210310006',  101),('964210310007',  102),('964210310007', 302),('964210310008',  209),('964210310008', 210),('964210310008', 301),('964210310009',  304),('964210310011',  207),('964210310011', 208),('964210310022',  203),('964210310033',  202),('964210310034',  202),('964210310040',  205),('964210310040', 203),('964210310054',  201),('964210310054', 202),('964210310068',  210),('964210310081',  101),('964210310081', 204),('964210310093',  102 ),('964210310109',  304),('964210310109', 208),('964210310206',  210),('964210310206', 301),('964210310300',  207),('964210310300', 208),('964210310401',  101),('964210310401', 203),('964210310502',  201),('964210310502', 202),('964210310604',  201),('964210310709',  303),('964210310709', 201),('964210310800',  301),('964210310800', 302),('964210310907',  102),('964210310907', 301),('964210311003',  204),('964210311003', 205),('964210311003', 206),('964210311003', 207);
INSERT INTO Borrowed VALUES ('964210310604',1100,'2016-4-13','2016-4-17'),('964210310604',1100,'2016-3-9','2016-3-10'),('964210310003',1100,'2016-3-23','2016-3-24'),('964210310401',1100,'2016-5-14','2016-5-16'),('964210310001',1100,'2016-4-27','2016-4-30'),('964210310040',1100,'2016-5-16','2016-5-16'),('964210310709',1100,'2016-5-18','2016-5-21'),('964210310081',1100,'2016-3-15','2016-3-17'),('964210310081',1200,'2016-4-10','2016-4-16'),('964210310093',1200,'2016-3-27','2016-3-29'),('964210310109',1200,'2016-4-15','2016-4-18'),('964210310022',1300,'2016-3-9','2016-3-10'),('964210310206',1300,'2016-5-11','2016-5-14'),('964210310007',1300,'2016-5-11','2016-5-12'),('964210310001',1300,'2016-3-28','2016-4-4'),('964210310008',1300,'2016-4-20','2016-4-26'),('964210310033',1400,'2016-3-26','2016-3-29'),('964210310800',1400,'2016-3-4','2016-3-6'),('964210310008',1400,'2016-5-24','2016-5-29'),('964210310007',1400,'2016-5-6','2016-5-11'),('964210311003',1400,'2016-3-5','2016-3-10'),('964210310022',1400,'2016-3-4','2016-3-7'),('964210310004',1500,'2016-5-14','2016-5-16'),('964210310800',1500,'2016-4-2','2016-4-5'),('964210310206',1600,'2016-5-21','2016-5-27'),('964210310002',1600,'2016-5-4','2016-5-9'),('964210310011',1600,'2016-3-20','2016-3-20'),('964210310800',1600,'2016-5-10','2016-5-13'),('964210310300',1600,'2016-3-22','2016-3-24'),('964210310040',1700,'2016-5-18','2016-5-21'),('964210310604',1700,'2016-4-17','2016-4-18'),('964210311003',1700,'2016-4-17','2016-4-20'),('964210310004',1700,'2016-4-5','2016-4-11'),('964210310081',1700,'2016-3-5','2016-3-8'),('964210310800',1700,'2016-4-22','2016-4-28'),('964210310011',1800,'2016-4-25','2016-4-26'),('964210310008',1900,'2016-5-1','2016-5-1'),('964210310093',2000,'2016-4-12','2016-4-12'),('964210310005',2000,'2016-5-17','2016-5-21'),('964210310109',2000,'2016-5-9','2016-5-11'),('964210310006',2000,'2016-5-8','2016-5-11'),('964210310040',2001,'2016-4-22','2016-4-25'),('964210310040',2002,'2016-5-22','2016-5-27'),('964210310008',2002,'2016-4-21','2016-4-25'),('964210310081',2002,'2016-3-4','2016-3-6'),('964210310006',2002,'2016-4-27','2016-5-2'),('964210310040',2003,'2016-4-9','2016-4-14'),('964210310033',2003,'2016-3-14','2016-3-15'),('964210310068',2003,'2016-4-12','2016-4-16'),('964210310800',2004,'2016-5-13','2016-5-17'),('964210310040',2004,'2016-4-27','2016-5-2'),('964210310007',2004,'2016-4-21','2016-4-23'),('964210310907',2004,'2016-5-9','2016-5-10'),('964210310800',2004,'2016-5-24','2016-5-28'),('964210310011',2005,'2016-4-20','2016-4-22'),('964210310800',2006,'2016-4-4','2016-4-4'),('964210310709',2007,'2016-3-13','2016-3-17'),('964210310033',2007,'2016-3-19','2016-3-24'),('964210310068',2007,'2016-4-19','2016-4-20'),('964210310502',2008,'2016-3-12','2016-3-14'),('964210311003',2008,'2016-4-4','2016-4-8'),('964210310022',2009,'2016-3-24','2016-3-30'),('964210310709',2009,'2016-4-12','2016-4-15'),('964210310022',2009,'2016-4-10','2016-4-10'),('964210310009',2009,'2016-3-20','2016-3-22'),('964210310033',2009,'2016-4-30','2016-5-2'),('964210310007',2009,'2016-3-7','2016-3-13'),('964210310002',2009,'2016-4-12','2016-4-13'),('964210310709',2009,'2016-4-30','2016-5-3'),('964210310054',2009,'2016-4-29','2016-5-2'),('964210310093',2011,'2016-4-20','2016-4-20'),('964210310011',2011,'2016-3-9','2016-3-11'),('964210310081',2011,'2016-3-15','2016-3-20'),('964210310800',2011,'2016-5-29','9999-1-1'),('964210311003',2011,'2016-3-6','2016-3-8'),('964210310040',2011,'2016-3-10','2016-3-16'),('964210310009',2012,'2016-3-28','2016-3-29'),('964210310006',2012,'2016-3-24','2016-3-28'),('964210311003',2012,'2016-4-4','2016-4-9'),('964210310008',2012,'2016-4-26','2016-4-28'),('964210310002',2012,'2016-5-27','9999-1-1'),('964210310008',2013,'2016-4-19','2016-4-23'),('964210310054',2013,'2016-3-26','2016-3-29'),('964210310033',2013,'2016-5-17','2016-5-21'),('964210310009',2015,'2016-3-15','2016-3-19'),('964210310033',2016,'2016-4-28','2016-4-30'),('964210310907',2016,'2016-4-22','2016-4-28'),('964210310206',2016,'2016-5-9','2016-5-14'),('964210310907',2016,'2016-3-6','2016-3-8'),('964210310907',2016,'2016-3-21','2016-3-22'),('964210310001',2016,'2016-4-7','2016-4-8'),('964210310206',2016,'2016-5-15','2016-5-15'),('964210310709',2017,'2016-4-20','2016-4-25'),('964210310300',2017,'2016-5-20','2016-5-26'),('964210310093',2017,'2016-3-19','2016-3-23'),('964210310300',2017,'2016-5-1','2016-5-5'),('964210310004',2017,'2016-3-14','2016-3-16'),('964210310033',2018,'2016-3-5','2016-3-7'),('964210310004',2018,'2016-3-25','2016-3-27'),('964210310907',2018,'2016-3-16','2016-3-20'),('964210310008',2018,'2016-5-10','2016-5-10'),('964210310033',2018,'2016-4-1','2016-4-7'),('964210310300',2018,'2016-4-5','2016-4-10'),('964210310206',2018,'2016-3-5','2016-3-11'),('964210310709',2018,'2016-4-20','2016-4-25'),('964210310206',2018,'2016-5-12','2016-5-17'),('964210310009',2019,'2016-3-11','2016-3-12'),('964210310022',2020,'2016-4-9','2016-4-10'),('964210310206',2020,'2016-5-13','2016-5-18'),('964210310093',2020,'2016-4-8','2016-4-12'),('964210310401',2020,'2016-5-29','9999-1-1'),('964210310033',2021,'2016-3-14','2016-3-16'),('964210310001',2021,'2016-5-21','2016-5-26'),('964210310054',2021,'2016-4-29','2016-4-30'),('964210310009',2022,'2016-3-25','2016-3-29'),('964210310011',2022,'2016-5-3','2016-5-6'),('964210310109',2022,'2016-4-16','2016-4-21'),('964210311003',2022,'2016-6-1','9999-1-1'),('964210310081',2022,'2016-3-26','2016-3-30'),('964210310093',2022,'2016-3-27','2016-3-29'),('964210310502',2022,'2016-3-26','2016-4-1'),('964210310003',2022,'2016-5-6','2016-5-9');
INSERT INTO Publisher_phone VALUES (10000,'9705555000'),(10001,'9705555010'),(10002,'9705555020'),(10003,'9705555030'),(10004,'9705555040'),(10005,'9705555050'),(10006,'9705555060'),(10006,'9705555070'),(10007,'9705555080');
